text href,title
https://www.ximalaya.com/sound/172904182,扉页
https://www.ximalaya.com/sound/172904183,近步抱告—1（3月3日）
https://www.ximalaya.com/sound/172904185,近步抱告—2（3月4日）
https://www.ximalaya.com/sound/172904186,近步抱告—3（3月5日）
https://www.ximalaya.com/sound/173187754,近步抱告—4（3月6日）
https://www.ximalaya.com/sound/173187755,近步抱告—5（3月6日）
https://www.ximalaya.com/sound/173187756,近步抱告—6（3月8日）
https://www.ximalaya.com/sound/174661234,进步报告—7（3月12日）
https://www.ximalaya.com/sound/174661235,进步报告—7（3月11日）
https://www.ximalaya.com/sound/174661236,进步报告—7（3月13日）
https://www.ximalaya.com/sound/174661237,进步报告—8（3月15日）
https://www.ximalaya.com/sound/174661238,进步报告—8（3月16日）
https://www.ximalaya.com/sound/174661239,进步报告—8（3月17日）
https://www.ximalaya.com/sound/174944129,进步报告—8（3月20日）
https://www.ximalaya.com/sound/174944130,进步报告—8（3月21日）
https://www.ximalaya.com/sound/174944131,进步报告—8（3月24日）
https://www.ximalaya.com/sound/174944132,进步报告—8（3月25日）
https://www.ximalaya.com/sound/175746013,进步报告—8（3月29日）
https://www.ximalaya.com/sound/175746012,进步报告—8（3月26日）
https://www.ximalaya.com/sound/175746014,进步报告—8（3月30日）
https://www.ximalaya.com/sound/175746015,进步报告—8（3月28日）
https://www.ximalaya.com/sound/175746016,进步报告—8（3月27日）
https://www.ximalaya.com/sound/175746017,进步报告—8（3月31日）
https://www.ximalaya.com/sound/176785166,进步报告—9（4月1日）
https://www.ximalaya.com/sound/176785167,进步报告—9（4月3日）
https://www.ximalaya.com/sound/176785168,进步报告—9（4月4日）
https://www.ximalaya.com/sound/176785169,进步报告—9（4月6日）
https://www.ximalaya.com/sound/176785170,进步报告—9（4月8日）
https://www.ximalaya.com/sound/176785171,进步报告—9（4月7日）
https://www.ximalaya.com/sound/176785172,进步报告—9（4月10日）
https://www.ximalaya.com/sound/177051560,进步报告—9（4月13日）
https://www.ximalaya.com/sound/177051561,进步报告—9（4月15日）
https://www.ximalaya.com/sound/177051562,进步报告—9（4月14日）
https://www.ximalaya.com/sound/177051563,进步报告—9（4月16日）
https://www.ximalaya.com/sound/178356854,进步报告—9（4月17日）
https://www.ximalaya.com/sound/178356855,进步报告—9（4月18日）
https://www.ximalaya.com/sound/179649183,进步报告—10（4月21日）
https://www.ximalaya.com/sound/179649184,进步报告—10（4月22日）
https://www.ximalaya.com/sound/181214787,进步报告—10（4月24日）
https://www.ximalaya.com/sound/182278037,进步报告—10（4月26日）
https://www.ximalaya.com/sound/182278038,进步报告—10（4月27日）
https://www.ximalaya.com/sound/182278039,进步报告—10（4月28日）
https://www.ximalaya.com/sound/183515307,进步报告—11（5月1日）
https://www.ximalaya.com/sound/184036634,进步报告—11（5月3日）
https://www.ximalaya.com/sound/184036635,进步报告—11（5月8日）
https://www.ximalaya.com/sound/184036636,进步报告—11（5月9日）
https://www.ximalaya.com/sound/185517943,进步报告—11（5月10日）
https://www.ximalaya.com/sound/185517944,进步报告—11（5月11日）
https://www.ximalaya.com/sound/186034185,进步报告—11（5月15日）
https://www.ximalaya.com/sound/186034186,进步报告—11（5月17日）
https://www.ximalaya.com/sound/187500900,进步报告—11（5月20日）
https://www.ximalaya.com/sound/187500901,进步报告—11（5月25日）
https://www.ximalaya.com/sound/187744310,进步报告—12（6月5日）
https://www.ximalaya.com/sound/193336557,进步报告—12（6月6日）
https://www.ximalaya.com/sound/199661445,进步报告—12（6月8日）
https://www.ximalaya.com/sound/199680438,进步报告—13（6月10日）
https://www.ximalaya.com/sound/199914263,进步报告—13（6月11日）
https://www.ximalaya.com/sound/203262711,进步报告—13（6月13日）
https://www.ximalaya.com/sound/203262712,进步报告—14（6月15日）
https://www.ximalaya.com/sound/203741951,进步报告—14（6月16日）
https://www.ximalaya.com/sound/203741952,进步报告—14（6月19日）
https://www.ximalaya.com/sound/204210641,进步报告—14（6月20日）
https://www.ximalaya.com/sound/204210642,进步报告—14（6月21日）
https://www.ximalaya.com/sound/204430153,进步报告—14（6月23日）
https://www.ximalaya.com/sound/204687511,进步报告—14（6月24日）
https://www.ximalaya.com/sound/204935847,进步报告—14（6月25日）
https://www.ximalaya.com/sound/205154872,进步报告—14（6月29日）
https://www.ximalaya.com/sound/205154873,进步报告—14（6月30日）
https://www.ximalaya.com/sound/205154874,进步报告—14（7月5日）
https://www.ximalaya.com/sound/205154875,进步报告—14（7月8日）
https://www.ximalaya.com/sound/205154876,进步报告—14（7月9日）
https://www.ximalaya.com/sound/205388463,进步报告—15（7月12日）
https://www.ximalaya.com/sound/205396203,进步报告—16（7月14日）
https://www.ximalaya.com/sound/205399383,进步报告—16（7月15日）
https://www.ximalaya.com/sound/217738347,进步报告—16（7月16日）
https://www.ximalaya.com/sound/217738348,进步报告—16（7月27日）
https://www.ximalaya.com/sound/217738350,进步报告—16（7月28日）
https://www.ximalaya.com/sound/217738351,进步报告—16（7月31日）
https://www.ximalaya.com/sound/217738352,进步报告—16（8月11日）
https://www.ximalaya.com/sound/217748290,进步报告—16（8月26日）
https://www.ximalaya.com/sound/218366850,进步报告—16（9月1日）
https://www.ximalaya.com/sound/218366851,进步报告—16（9月2日）
https://www.ximalaya.com/sound/218366852,进步报告—16（9月15日）
https://www.ximalaya.com/sound/218366853,进步报告—16（9月17日）
https://www.ximalaya.com/sound/218366854,进步报告—16（9月21日）
https://www.ximalaya.com/sound/218639341,进步报告—16（9月27日）
https://www.ximalaya.com/sound/218909512,进步报告—17（10月3日）
https://www.ximalaya.com/sound/219444000,进步报告—17（10月5日）
https://www.ximalaya.com/sound/219444001,进步报告—17（10月7日）
https://www.ximalaya.com/sound/219444002,进步报告—17（10月10日）
https://www.ximalaya.com/sound/218909513,进步报告—17（10月4日）
https://www.ximalaya.com/sound/219444003,进步报告—17（10月11日）
https://www.ximalaya.com/sound/219444004,进步报告—17（10月14日）
https://www.ximalaya.com/sound/219444005,进步报告—17（10月17日）
https://www.ximalaya.com/sound/219444006,进步报告—17（10月18日）
https://www.ximalaya.com/sound/219444007,进步报告—17（10月19日）
https://www.ximalaya.com/sound/219444053,进步报告—17（10月21日）
https://www.ximalaya.com/sound/219444054,进步报告—17（10月25日）
https://www.ximalaya.com/sound/219444055,进步报告—17（11月1日）
https://www.ximalaya.com/sound/219444056,进步报告—17（11月2日）
https://www.ximalaya.com/sound/219444057,进步报告—17（11月5日）
https://www.ximalaya.com/sound/219444058,进步报告—17（11月9日）
https://www.ximalaya.com/sound/219444059,进步报告—17（11月10日）
https://www.ximalaya.com/sound/219444060,进步报告—17（11月11日）
https://www.ximalaya.com/sound/219444061,进步报告—17（11月15日）
https://www.ximalaya.com/sound/219444062,进步报告—17（11月16日）
https://www.ximalaya.com/sound/219444080,进步报告—17（11月18日）
https://www.ximalaya.com/sound/219444081,进步报告—17（11月21日）(终章)
https://www.ximalaya.com/sound/219444082,献给阿尔吉侬的花束（读后感）